제목,분류
"[12-16T](150-165)폴로,빈폴,타미등 브랜드 여름 아동 의류",child
"[12-16T](150-165)폴로,빈폴,타미등 브랜드 여름 아동 의류",child
"[12-16T](150-165)폴로,빈폴,타미등 브랜드 여름 아동 의류",child
"[10-12T](145-150)폴로,빈폴,타미등 브랜드 여름 아동 의류",child
"[10-12T](145-150)폴로,빈폴,타미등 브랜드 여름 아동 의류",child
"[10-12T](145-150)폴로,빈폴,타미등 브랜드 여름 아동 의류",child
"[7-10T](125-145)폴로,빈폴,타미등 브랜드 여름 아동 의류",child
"[7-10T](125-145)폴로,빈폴,타미등 브랜드 여름 아동 의류",child
"[7-10T](125-145)폴로,빈폴,타미등 브랜드 여름 아동 의류",child
"[5-6T] [115-120)폴로,빈폴,타미등 브랜드 여름 아동 의류",child
"[5-6T] [115-120)폴로,빈폴,타미등 브랜드 여름 아동 의류",child
"[5-6T] [115-120)폴로,빈폴,타미등 브랜드 여름 아동 의류",child
"[3-4T] (100-110)폴로,빈폴,타미등 브랜드 여름 아동 의류",child
"[3-4T] (100-110)폴로,빈폴,타미등 브랜드 여름 아동 의류",child
"[3-4T] (100-110)폴로,빈폴,타미등 브랜드 여름 아동 의류",child
"[베이비-2T](~95) 폴로,빈폴,타미등 브랜드 여름 아동 의류",child
"[베이비-2T](~95) 폴로,빈폴,타미등 브랜드 여름 아동 의류",child
"[베이비-2T](~95) 폴로,빈폴,타미등 브랜드 여름 아동 의류",child
클로바램프,child
버버리키즈 12y 신상 아프리케 패치 셔츠 남방 버버리칠드런 남아 반팔 티셔츠,child
버버리키즈 12y 최신상 반팔 체크 셔츠 반바지 10y 셋트 버버리칠드런 남방 피케이,child
스토케 슬리피 네추럴 아기침대,child
스토케 케어 기저귀 갈이대,child
마스크 택포,child
3y (100호) 버버리칠드런 체크 셔츠 남방 / 베이비 키즈 몽클레어 스톤아일랜드 닥스,child
버버리 키즈 체크 팬츠 4y,child
3y (100호) 버버리칠드런 체크 셔츠 남방 / 베이비 키즈 몽클레어 스톤아일랜드 닥스,child
몽클레어 키즈자켓 4세 사이즈 정품,child
(110호) 버버리 키즈 면바지 팬츠 / 남아 칠드런 몽클레어 폴로 닥스 빈폴 스톤아일랜드,child
크록스165사이즈 겨울용 3만원(새상품),child
버버리 10세,child
110호 (4y) BOSS 키즈 가디건 / 아동 칠드런 남아 닥스 버버리 몽클레어 스톤아일랜드,child
버버리키즈 면바지 8y 두가지,child
(3Y) 버버리 키즈 집업 히든후드 윈드 자켓 / 베이비 칠드런 남아 유아 바람막이,child
"봉쁘앙 썬드레스, 썬햇 set",child
아기 모자 파코라반 2개 택포 2만,child
뽕쁘앙 원피스 8y,child
샤리템플 생일케이크130,child
샤리템플 파르페 원피스130,child
타오 10y 스커트,child
버버리 6세 야상,child
뉴발란스 120티셔츠 2장 만원,child
버버리 키즈 여아 원피스,child
타미힐피거 알로봇ㆍ수입의류 남아옷 가격인하ᆢ 닥스 빈폴 일구포 노스페이스 데쌍뜨 내셔날지오그래픽 레노마 휠라 블루독,child
"8~11세 신장 135~145cm, POLO GAP 리바이스 베네통 유니클로 남아 브랜드 여름 티셔츠 반바지, 여름내의 실내복, 남아 수영복, ﻿크록스 키즈 크록밴드 클로그 J3 220mm, EXR 운동화 220mm (새상품)",child
(새제품) 쿨링 Kuling Caracas 레인 부츠 Rosebud Flower 29EU(185mm),child
(새제품) 쿨링 Kuling 레인자켓 122/128,child
버버리 키즈 칠드런 아이콘 2y 반바지,child
유니클로 바람막이 120 - 8천원,child
구찌베이스볼자켓 유아야구잠바 4세/4y 정품,child
버버리 베이비 원피스 일괄 팝니다,child
나이키 다이나모 프리 170(파랑),child
버버리 봄 자켓 양면 12y,child
사이즈 3Y(98cm) 버버리 유아 원피스,child
몽클레어 키즈 샤르팔 롱패딩 네이비 12A 판매,child
"[12-16T](150-165)폴로,빈폴,타미등 브랜드 여름 아동 의류",child
"[12-16T](150-165)폴로,빈폴,타미등 브랜드 여름 아동 의류",child
"[12-16T](150-165)폴로,빈폴,타미등 브랜드 여름 아동 의류",child
이지 슬라이드 인펀트 토들러 글로우그린 HQ4119 7K 사이즈,child
"[10-12T](145-150)폴로,빈폴,타미등 브랜드 여름 아동 의류",child
"[10-12T](145-150)폴로,빈폴,타미등 브랜드 여름 아동 의류",child
"[10-12T](145-150)폴로,빈폴,타미등 브랜드 여름 아동 의류",child
폴로 여야의류,child
"[7-10T](125-145)폴로,빈폴,타미등 브랜드 여름 아동 의류",child
"[7-10T](125-145)폴로,빈폴,타미등 브랜드 여름 아동 의류",child
"[7-10T](125-145)폴로,빈폴,타미등 브랜드 여름 아동 의류",child
"[5-6T] [115-120)폴로,빈폴,타미등 브랜드 여름 아동 의류",child
"[5-6T] [115-120)폴로,빈폴,타미등 브랜드 여름 아동 의류",child
"[5-6T] [115-120)폴로,빈폴,타미등 브랜드 여름 아동 의류",child
필립모델스니커즈33 판매해요 28만원구입,child
"[3-4T] (100-110)폴로,빈폴,타미등 브랜드 여름 아동 의류",child
"[3-4T] (100-110)폴로,빈폴,타미등 브랜드 여름 아동 의류",child
"[베이비-2T](~95) 폴로,빈폴,타미등 브랜드 여름 아동 의류",child
"[베이비-2T](~95) 폴로,빈폴,타미등 브랜드 여름 아동 의류",child
"[베이비-2T](~95) 폴로,빈폴,타미등 브랜드 여름 아동 의류",child
버버리 베이비 원피스 일괄,child
조던3 위저드 130,child
버버리 칠드런 12m,child
골든구스 32사이즈,child
누크유리젖병5개,child
랄프로렌 폴로 셔츠.티셔츠.바지 일괄판매,child
12세)폴로 레드 원피스-7천,child
타오,child
봉쁘앙,child
헤지스 HAZZYS 소피아 리버서블 구스다운 사이즈 165 15Y,child
구찌바람막이 구찌자켓 6세 저렴하게 판매합니다.,child
새상품 나이키 다이나모 고 180,child
구찌키즈 벨트,child
휠라185사이즈 만5천원(새상품),child
버버리 봄버,child
"버버리후드집업& 바지, 모스키노 슈즈 등",child
이포르케 남아 상하 세트,child
알로봇 남아 청반바지,child
레이디가구 스칸딕 코코 원목 저상형 데이베드 아기침대,child
리틀그라운드 마뉴엘라 스페인 수제 샌들 택포25000원에 판매합니다.,child
"남아 6(120),8(130)사이즈 로베르토까발리 키즈,리틀그라운드 일구포 등 판매합니다.",child
"여아 8-10,130-145사이즈 리틀그라운드 일구포,벨베틴,스텔라맥카트니 등 판매합니다.",child
뉴발란스 120티셔츠 두장 - 만원,child
버버리셔츠 버버리반바지,child
정품 구찌 롱패딩,child
몽클레어 베이비 트레이닝 상하세트,child
폴로 랄프로렌 크루넥 반팔티셔츠 새제품 판매,child
타오 여아 수영복 새상품,child
보보쇼즈 민소매 세트,child
반스 토들러 새상품,child
리틀그라운드 남아 린넨 상하세트,child
미니로디니 파인애플 노랑 썬햇 48ㅡ50 사이즈,child
리미떼두두 멜빵치마 100 사이즈,child
압소바 새상품 포장 풀셋 90 사이즈,child
"스톤아일랜드,몽클레어 주니어반바지 12세용",child
스토케 익스플로리 v5 그레이멜란지,child
메이커 아동의류 만원에 가져가세요 !!,child
"(일괄+뉴발란스패딩)남아옷 110사이즈 폴로키즈,블루독,뉴발란스키즈,mlb키즈",child
버버리 골든구스 키즈 여아 ~4Y,child
헤지스 HAZZYS 키즈 테디베어 코트 사이즈 165,child
H엔M 유아동모자 새제품 각각 3천원,child
래핑차일드 데님팬츠130사이즈 새제품 8천원,child
아디다스180사이즈 새제품 만5천원,child
버버리12y 반바지(새상품),child
프레드페리220사이즈 3만원(새상품),child
스케쳐스170사이즈 만5천원(새상품),child
보러브스 롬퍼,child
스트라이다 발란스 자전거,child
피어오브 갓 에센셜 키즈 코치 자켓,child
겐조 키즈 후드 원피스 8y,child
스텔라맥카트니 키즈 도넛 원피스 4y,child
새 것) mlb 소풍가방 / 택포,child
버버리 키즈(버버리 칠드런) 버버리 패딩 구스 코트 팝니다. 10y 140cm,child
msgm키즈 22ss 로고팬츠 레드,child
릴루 LiiLU Terry Smocked Dress (Lavender),child
셜리템플 치마,child
버버리키즈 블루체크스커트 12Y 판매 합니다,child
닥스 아동 운동화,child
미키하우스 더블비 흰바지 130,child
캔디배이비 7호 남아 팬티,child
몽클레어 키즈자켓 4세 사이즈 정품,child
정품 지방시 키즈 구스 조끼 6y,child
정품 msgm 키즈 바람막이 6y,child
"[12-16T](150-165)폴로,빈폴,타미등 브랜드 여름 아동 의류",child
"[12-16T](150-165)폴로,빈폴,타미등 브랜드 여름 아동 의류",child
"[12-16T](150-165)폴로,빈폴,타미등 브랜드 여름 아동 의류",child
"[10-12T](145-150)폴로,빈폴,타미등 브랜드 여름 아동 의류",child
"[10-12T](145-150)폴로,빈폴,타미등 브랜드 여름 아동 의류",child
"[10-12T](145-150)폴로,빈폴,타미등 브랜드 여름 아동 의류",child
"[7-10T](125-145)폴로,빈폴,타미등 브랜드 여름 아동 의류",child
"[7-10T](125-145)폴로,빈폴,타미등 브랜드 여름 아동 의류",child
"[7-10T](125-145)폴로,빈폴,타미등 브랜드 여름 아동 의류",child
"[5-6T] [115-120)폴로,빈폴,타미등 브랜드 여름 아동 의류",child
"[5-6T] [115-120)폴로,빈폴,타미등 브랜드 여름 아동 의류",child
"[12-16T](150-165)폴로,빈폴,타미등 브랜드 여름 아동 의류",child
"[12-16T](150-165)폴로,빈폴,타미등 브랜드 여름 아동 의류",child
"[3-4T] (100-110)폴로,빈폴,타미등 브랜드 여름 아동 의류",child
"[12-16T](150-165)폴로,빈폴,타미등 브랜드 여름 아동 의류",child
"[3-4T] (100-110)폴로,빈폴,타미등 브랜드 여름 아동 의류",child
"[10-12T](145-150)폴로,빈폴,타미등 브랜드 여름 아동 의류",child
"[10-12T](145-150)폴로,빈폴,타미등 브랜드 여름 아동 의류",child
"[베이비-2T](~95) 폴로,빈폴,타미등 브랜드 여름 아동 의류",child
"[10-12T](145-150)폴로,빈폴,타미등 브랜드 여름 아동 의류",child
"[7-10T](125-145)폴로,빈폴,타미등 브랜드 여름 아동 의류",child
"[베이비-2T](~95) 폴로,빈폴,타미등 브랜드 여름 아동 의류",child
"[7-10T](125-145)폴로,빈폴,타미등 브랜드 여름 아동 의류",child
"[7-10T](125-145)폴로,빈폴,타미등 브랜드 여름 아동 의류",child
"[5-6T] [115-120)폴로,빈폴,타미등 브랜드 여름 아동 의류",child
"[5-6T] [115-120)폴로,빈폴,타미등 브랜드 여름 아동 의류",child
"[5-6T] [115-120)폴로,빈폴,타미등 브랜드 여름 아동 의류",child
"[3-4T] (100-110)폴로,빈폴,타미등 브랜드 여름 아동 의류",child
"[3-4T] (100-110)폴로,빈폴,타미등 브랜드 여름 아동 의류",child
"[3-4T] (100-110)폴로,빈폴,타미등 브랜드 여름 아동 의류",child
"[베이비-2T](~95) 폴로,빈폴,타미등 브랜드 여름 아동 의류",child
"[베이비-2T](~95) 폴로,빈폴,타미등 브랜드 여름 아동 의류",child
"[베이비-2T](~95) 폴로,빈폴,타미등 브랜드 여름 아동 의류",child
우프 원피스 2y 새상품 모자 일괄,child
콘래드 CORAD 인형,child
수어플룸 깅엄이네스 5y 다크티튜닉 3y,child
아디다스 140사이즈,child
폴로키즈 바람막이 / 랄프로렌 폴로키즈 오리털 패딩 점퍼 16Y-18Y,child
버버리 키즈셔츠 봉쁘앙키즈 셔츠 판매,child
N21 키즈 니트 4y,child
버버리키즈 여아 오리털 패딩 점퍼 / 바버키즈 퀼팅 자켓 12Y-14Y,child
(일괄)여아 120사이즈 뉴발란스키즈,child
"(일괄) 남아옷 110사이즈 뉴발란스키즈,mlb키즈,내셔널지오그래픽키즈",child
아디다스키즈 가방(1회 착용),child
"(일괄+뉴발란스패딩)남아옷 110사이즈 폴로키즈,블루독,뉴발란스키즈,mlb키즈",child
노스페이스키즈 롱패딩 120사이즈(드라이완료),child
타미힐피거 키즈 트렌치코트,child
버버리키즈 오리털 패딩 점퍼 / 버버리키즈 야상 점퍼 12Y-14Y,child
"(일괄) 남아 신발 200~210사이즈 휠라키즈,노스페이스키즈,나이키키즈",child
"(6개일괄)여아옷 100,110사이즈 헤지스키즈 패딩, 제이크루 패딩 ,뉴발란스키즈 투피스 점퍼",child
"(6개일괄)여아옷 100,110사이즈 헤지스키즈 패딩, 제이크루 패딩 ,뉴발란스키즈 투피스 점퍼",child
(새상품) 뉴발란스키즈 털모자,child
"(일괄)남아 신발 180~190 뉴발란스키즈,베어파우키즈,헬로카봇,흔한남매",child
"(일괄)여아 운동화 190,200사이즈 뉴발란스키즈,휠라키즈",child
"(일괄)여아옷 130사이즈 휠라키즈,뉴발란스키즈",child
버버리키즈 남아 면 자켓 / 버버리키즈 싱글 자켓 / 파타고니아키즈 점퍼 12Y,child
뉴발란스 티셔츠 120사이즈 두장 - 만원,child
몽클레어키즈 패딩 집업 / 프라다키즈 롱패딩 / 디스퀘어드 키즈 집업 10Y,child
스토케 익스플로리 v5 블랙멜란지 세탁완료,child
버버리키즈 퀼팅자켓 / 버버리키즈 누빔 / 프라다키즈 여아 롱패딩 점퍼 / 크롬하츠 키즈 후드 집업10Y,child
알마니주니어 티셔츠 / 버버리키즈 체크 남방 / MSGM 맨투맨 / 폴로키즈 퀼팅 / 버버리키즈 경량패딩 / 파타고니아 레트로 키즈 후리스 10Y,child
봉쁘앙 반팔티 12y,child
버버리 원피스(6Y),child
버버리 가디건6Y,child
버버리키즈 퀼팅 / 버버리키즈 야상 점퍼 / 버버리키즈 오리털 패딩 점퍼 / 버버리칠드런 패딩 점퍼 8Y,child
구찌베이스볼자켓 유아야구잠바 4세/4y 정품,child
버버리키즈 맨투맨 티셔츠 / 버버리키즈 점퍼 / 몽클레어키즈 경량패딩 / 몽클레어키즈 후드 집업 8Y,child
몽클레어키즈 패딩 / 버버리키즈 모헤어 코트 / 버버리여아 코트 / 버버리키즈 트렌치 코트 8Y,child
-가가갤러리 테이블-,child
헬로카봇 일괄 (많음),child
DVD 최신제품/ 옥토넛 까이유 립프로그 수퍼심플송 마더구스 노부영 페파피그 기타등등,child
캐치티니핑 피규어 새상품 5개사진일괄 택배비포함,child
에그녹 핑크 제니6y + 보보쇼즈 22ss 드레스 새상품 (일괄),child
캐치티니핑 말하는 하츄핑 방글핑 믿어핑 새상품 일괄,child
핑크퐁 아기상어코딩컴퓨터 새상품,child
뽀로로코딩컴퓨터 미개봉 일체형 택배비별도,child
캐치티니핑 반짝반짝 쥬얼하트윙폰 미개봉 택배비 별도,child
여아새신발 테바키즈210사이즈 택포 만원 01091372021,child
빅포니 남아 폴로 티셔츠 종류많아요,child
타오 코봉이 세트 4y 택포,child
아디다스180사이즈 새제품 만5천원,child
H엔M 유아동모자 새제품 각각 3천원,child
휠라 지갑 새제품 만원,child
크록스195사이즈 만원(새상품),child
2Y (24m) 버버리 칠드런 집업 후드 자켓 / 베이비 남아 유아 키즈 몽클레어 스톤아일랜드 보스 닥스,child
(18m) 버버리 키즈 체크 셔츠 남방 / 베이비 칠드런 몽클레어 스톤아일랜드 닥스,child
(18m) 버버리 키즈 로고 프린트 긴소매 쭉티 / 베이비 칠드런 몽클레어 스톤아일랜드,child
(18m) 버버리 키즈 히든 후드 바람막이 여름 윈드 자켓 / 베이비 칠드런 몽클레어 스톤아일랜드,child
100호(3y) 버버리 키즈 체크 반팔 셔츠 남방 / 베이비 칠드런 몽클레어 스톤아일랜드 닥스,child
(2y) 버버리 키즈 체크 반팔 셔츠 남방 / 베이비 칠드런 몽클레어 스톤아일랜드 닥스,child
(18m) 버버리 키즈 체크 반팔 셔츠 남방 / 베이비 칠드런 몽클레어 스톤아일랜드 닥스,child
반스 심슨 피쉬 블링키 슬립온 160,child
버버리 10세 옷들,child
반스 심슨 리사 하이탑 210,child
코스 키즈 랩오버 스니커즈 170,child
버버리칠드런 10y 아프리케패치 여름바지 버버리키즈 팬츠,child
미니로디니 에델바이스 반팔 116-122,child
버버리키즈 12y 램스울 롱코트 버버리칠드런 10y 신상자켓 팜,child
몽클키즈 10y 환절기 신상 경량패딩 몽글레어 니트패딩 정품,child
여아 버버리코트,child
버버리 14세 최상,child
버버리 키즈 6Y,child
플라키키 반팔세트ㅡ 상태굿,child
로아앤제인 100사이즈 오드리 니트 스커트 + 베스트 세트 신상,child
플라키키 상하복세트,child
로아앤제인 베른 원피스,child
구찌 GUCCI 여아 명품옷 분양드려요,child
가가갤러리 옷장,child
르토이반 허니비 마켓 + 바스켓 6종 + 에코백,child
루이스미샤 비키니 8y 미착용 세탁만한 새제품,child
-가가갤러리 옷장-,child
미샤앤퍼프 스카우트 티 7-8y,child
-가가갤러리 침대 싱글-,child
버버리 여아원피스-새상품(14Y)-총길이82cm,child
젤리멜로 22SS신상 택만제거하고 새거!!!!일괄택포,child
구찌바람막이 구찌자켓 6세 저렴하게 판매합니다.,child
정품.ㅣ회착용)아디다스 키즈 나시 상하세트(36개월),child
일본 산리오 정품) 키티 여아 가방,child
레페토 여아 발레복 상의+ 발레슈+ 타이즈 세트 (4.5세),child
플라키키 여아 플리츠 상하세트(3세),child
폴로 랄프로렌 스트라이프 셔츠 6y,child
닥스 강아지 자수 아동복,child
버버리 스니커즈,child
수어플룸,child
버버리 스니커즈,child
"[봉쁘앙] 봉쁘앙 베베 코트 20FW 3Y (새정품)-170,000(택포)",child
"[아디다스] 아디다스 여름 아기 슈즈[사이즈 JP120]- 10,000(택포)",child
"[나이키] 나이키 운동화[사이즈140cm]- 18,000(택포",child
"[봉쁘앙] 봉쁘앙 베베 코트 20FW 3Y (새정품)-170,000(택포)",child
"[봉쁘앙] 봉쁘앙 티셔츠(중고/3사이즈)-20,000원(택포)",child
봉쁘앙2y 일괄,child
"[압소바] 압소바 구름자가드니트점퍼 100사이즈(새상품)-45,000원(택포)",child
"[컨버스 올스타] 컨버스 올스타[사이즈 7](새상품)-13,000(택포)",child
"[어그] 어그 부츠[사이즈JP145]- 15,000(택포)",child
"[나이키] 나이키 운동화[사이즈155cm]-15,000(택포)",child
(아기띠)에르고 4포지션 360아기띠+에르고 코튼신생아패드+베이비머핀 워머+미니존 아기띠+침받이,child
"(수모,아쿠아슈즈)리틀래빗 수영모 핑크+리틀래빗 아쿠아슈즈 핑크구름",child
(유아옷)블루독베이비 핑크 별상하세트 100,child
(유아옷)압소바 튜튜스커트상하세트100,child
(아이옷)베이비갭(GAP)긴소매 꽃원피스 5y,child
(아이옷)랄프로렌 긴소매 스트라이프티셔츠 16M,child
랄프로렌 반소매 스트라이프원피스24M,child
(아이옷)베이비갭(GAP)민소매 원피스(3y),child
(유아옷)여름옷 4종 일괄(2-4세용),child
"가격내림 택포8,500(로아앤제이)신상 민들레 미들삭스세트 L(18~20mm)",child
폴로 POLO 키즈 퀼팅 자켓 사이즈 S(8),child
클로바AI 인공지능 책읽어주는 램프,child
펜디키즈크롭티,child
나이키 신형 아동용 간절기 바람막이 자켓,child
스톤아일랜드키즈바지,child
나이키 신형 아동용 간절기 바람막이 자켓,child
모스키노티셔츠,child
구찌키즈원피스,child
지방시청반바지,child
펜디키즈드레스,child
버버리키즈가디건 신상,child
몽클레어 키즈자켓 4세 사이즈 정품,child
캐치티니핑 워터파크,child
구찌베이스볼자켓 유아야구잠바 4세/4y 정품,child
펜디키즈 리버서블 패딩 10y,child
유아새신발 나이키150사이즈 택포2만원 01091372021,child
(새상품) 몽클레어 키즈 로고패치 바람막이 1A0002854155999,child
새제품 헤지스 풀세트 선물가능 택포함 바로배송합니다,child
버버리키즈 체크패딩 14y,child
크록스140사이즈 어벤져스 마블 만5천원(새상품),child
노스페이스 키즈 기모맨투맨 160사이즈 새제품 만원,child
아디다스180사이즈 새제품 만5천원,child
수어플룸,child
뉴발란스키즈 구스패딩 뉴발란스키즈 오로라구스패딩120사이즈,child
파올라레이나(성형+리페 라푼젤칼라,child
새제품 베르사체 반팔 반바지 상하의 세트 160 사이즈 광주광역시,child
뉴발란스키즈 여아트레이닝세트 155사이즈 여아옷150사이즈,child
[가격내림] 버버리키즈 퀼팅점퍼 버버리 칠드런 누빔 18m 돌부터 세살 상태최상,child
뉴세네카 몽클레어키즈 롱패딩 4y 남여공용,child
몽클레어키즈 4y 슈에트 신상 빅로고 패딩점퍼 팜,child
닥스키즈 남아 상하 150 사이즈 빈폴 헤지스 나이키 아디다스 엠엘비 내셔날지오그래픽 데쌍뜨 노스페이스 마인 시스템 산드로 앤테일러 제이크루 갭 라코스테,child
구찌바람막이 구찌자켓 6세 저렴하게 판매합니다.,child
던스 duns 모어댄어플링 배기바지,child
(새상품) 막소모라 던스 스마포크 반팔 반바지 상하복,child
MSGM 맨투맨 10살,child
끌로에 원피스 6세,child
나이키 신형 아동용 간절기 바람막이 자켓,child
클라스카 무기와라보시,child
CP키즈정품 니트 상태A+++급 판매합니다,child
"보보쇼즈, 스텔라매카트니, 오구오구오구",child
"봉쁘앙, 베베베베, 롱리브더퀸",child
버버리 베이비 원피스 일괄,child
버버리키즈패딩,child
"할라발루, 디즈니, 리틀스텔라",child
완료,child
나이키 와플원 토들러 130사이즈,child
정품)버버리 키즈 후드집업 8,child
정품)스톤아일랜드 키즈 맨투맨 12,child
미샤앤퍼프,child
위례 스토케 익스플로리 v5 블랙 판매합니다,child
영솔 샌들,child
나이키 신형 아동용 간절기 바람막이 자켓,child
키즈 골든구스 올드스쿨 화이트 퍼플 ~!!,child
게스키즈 남아용 120,child
뉴발란스키즈 바지 120,child
"[12-16T](150-165)폴로,빈폴,타미등 브랜드 여름 아동 의류",child
"[12-16T](150-165)폴로,빈폴,타미등 브랜드 여름 아동 의류",child
"[12-16T](150-165)폴로,빈폴,타미등 브랜드 여름 아동 의류",child
"[10-12T](145-150)폴로,빈폴,타미등 브랜드 여름 아동 의류",child
"[10-12T](145-150)폴로,빈폴,타미등 브랜드 여름 아동 의류",child
"[10-12T](145-150)폴로,빈폴,타미등 브랜드 여름 아동 의류",child
"[7-10T](125-145)폴로,빈폴,타미등 브랜드 여름 아동 의류",child
"[7-10T](125-145)폴로,빈폴,타미등 브랜드 여름 아동 의류",child
"[7-10T](125-145)폴로,빈폴,타미등 브랜드 여름 아동 의류",child
"[5-6T] [115-120)폴로,빈폴,타미등 브랜드 여름 아동 의류",child
"[5-6T] [115-120)폴로,빈폴,타미등 브랜드 여름 아동 의류",child
"[5-6T] [115-120)폴로,빈폴,타미등 브랜드 여름 아동 의류",child
"[3-4T] (100-110)폴로,빈폴,타미등 브랜드 여름 아동 의류",child
"[3-4T] (100-110)폴로,빈폴,타미등 브랜드 여름 아동 의류",child
"[3-4T] (100-110)폴로,빈폴,타미등 브랜드 여름 아동 의류",child
"[베이비-2T](~95) 폴로,빈폴,타미등 브랜드 여름 아동 의류",child
"[베이비-2T](~95) 폴로,빈폴,타미등 브랜드 여름 아동 의류",child
"[베이비-2T](~95) 폴로,빈폴,타미등 브랜드 여름 아동 의류",child
10세)펜디 오버롤-15만,child
10세)지방시 블랙진-6.5만,child
10세)스톤아일랜드 네이비 니트-8.8만,child
뉴질랜드 프리미엄 분유 퓨어락 팔아요 ^^,child
스토이 밸런스 바이크 옐로우,child
던스 스마포크 meyadey 상하복,child
"170,180)유아 아동 키즈 아디다스 운동화 만원",child
타오 공홈 핑크 모자,child
"msgm,지방시,분주니어,버버리,스텔라맥카트니 등",child
버버리 키즈 바지 10y,child
버버리 키즈 남방 2y,child
빈폴키즈 원피스,child
몽클레어 키즈자켓 4세 사이즈 정품,child
코에픽,child
"버버리키즈 .아르마니 키즈 바람막이,봉쁘앙 자켓등",child
버버리키즈 원피스.치마/ 봉쁘앙 원피스 등,child
버버리키즈 반바지.스텔라맥카트니 키즈 청바지.버버리키즈 셔츠(8Y/새상품),child
"[미니멜리사] 블랙캣,엘리스,기린,보우,빅보우,나비,미녀와야수 **새상품**",child
던스 duns 덩가리 플레이수트,child
스토케 유모차 전용 정품 컵홀더,child
스토케 트레일즈 전용 오프로드휠 앞바퀴 2개,child
스토케 익스플로리 전용 장바구니 쇼핑백 하부가방 블랙멜란지,child
스토케 유모차 전용 안전바 시트핸들 손잡이 딥블루,child
스토케 트립트랩 베이비세트 화이트,child
스토케 트립트랩 베이비세트 서린핑크,child
버버리칠드런 남방 6y,child
유아용 멀티테이블,child
봉쁘앙 원피스,child
"[새상품/정품/차차부티크] ﻿22SS MONCLER KIDS 몽클레어 키즈 반팔 티셔츠 (네이비-6Y, 12Y 사이즈) (화이트-4Y, 6Y, 12Y 사이즈) 8C00014 83907",child
Polo 폴로 랄프로렌 4t/5t 원피스 2종,child
"[새상품/정품/차차부티크] ﻿22SS MONCLER 몽클레어 키즈 PK 티셔츠 남아용 (크림-6Y, 8Y, 12Y) (네이비-12Y, 14Y) 8A00010 8496W",child
구찌베이스볼자켓 유아야구잠바 4세/4y 정품,child
"[새상품/정품/차차부티크]﻿ 22SS MONCLER KIDS 몽클레어 키즈 원피스 (네이비-4Y, 6Y, 8Y 사이즈) 8I00010 8496F 774",child
버버리키즈 치마,child
"[12-16T](150-165)폴로,빈폴,타미등 브랜드 여름 아동 의류",child
"[12-16T](150-165)폴로,빈폴,타미등 브랜드 여름 아동 의류",child
"[12-16T](150-165)폴로,빈폴,타미등 브랜드 여름 아동 의류",child
"[10-12T](145-150)폴로,빈폴,타미등 브랜드 여름 아동 의류",child
"[10-12T](145-150)폴로,빈폴,타미등 브랜드 여름 아동 의류",child
"[10-12T](145-150)폴로,빈폴,타미등 브랜드 여름 아동 의류",child
"[7-10T](125-145)폴로,빈폴,타미등 브랜드 여름 아동 의류",child
"[7-10T](125-145)폴로,빈폴,타미등 브랜드 여름 아동 의류",child
"[7-10T](125-145)폴로,빈폴,타미등 브랜드 여름 아동 의류",child
"[5-6T] [115-120)폴로,빈폴,타미등 브랜드 여름 아동 의류",child
"[5-6T] [115-120)폴로,빈폴,타미등 브랜드 여름 아동 의류",child
"[3-4T] (100-110)폴로,빈폴,타미등 브랜드 여름 아동 의류",child
"[3-4T] (100-110)폴로,빈폴,타미등 브랜드 여름 아동 의류",child
"[베이비-2T](~95) 폴로,빈폴,타미등 브랜드 여름 아동 의류",child
"[베이비-2T](~95) 폴로,빈폴,타미등 브랜드 여름 아동 의류",child
겐조 반팔티 (8y),child
뉴발란스 120티셔츠 두장 - 만원,child
봉쁘앙,child
폴로 남아 남방 새상품,child
버버리 여아 스커트 8y,child
새제품 어스본 마이퍼스트리딩라이브러리50권 영어전집 팔아요,child
새제품 어스본 마이리딩라이브러리50권 영어전집 팔아요,child
새제품 어스본 파닉스리더스20권 영어전집 팔아요,child
새제품 싱어롱위드미 팔아요,child
닥스키즈 남아 상하 150 사이즈 빈폴 헤지스 나이키 아디다스 엠엘비 내셔날지오그래픽 데쌍뜨 노스페이스 마인 시스템 산드로 앤테일러 제이크루 갭 라코스테,child
[판매완료],child
몽클레어 키즈 패딩 14세 새상품,child
겐조키즈하의(5y),child
겐조 키즈상의(6y),child
버버리 키즈난방,child
스토케 익스플로리 v4 베이지멜란지,child
버버리키즈 바람막이 / 버버리키즈 자켓 / 버버리키즈 점퍼 / 버버리키즈 누빔 코트 6Y,child
스톤아일랜드 키즈 바람막이 사이즈 6 116,child
버버리키즈 맨투맨 티셔츠 / 쟈딕앤볼테르 점퍼 / 몽클레어키즈 패딩 6Y,child
아식스 축구화205사이즈 각각 만5천원,child
멜리사 샌들 32 (200사이즈),child
폴로키즈여아원피스 7t,child
닥스키즈 여아남방 130사이즈,child
버버리키즈 가디건 /돌체앤가바나키즈 가디건 6Y,child
"수어플룸 넥카라, 베네베네 니트",child
버버리키즈 수영복 / 버버리키즈 체크 남방 / 버버리키즈 카라티셔츠 / 버버리남아 팬츠 6Y,child
몽클레어키즈 마야 패딩 점퍼 / 버버리키즈 떡볶이 코트 / 버버리키즈 바람막이 점퍼 6Y,child
cp컴퍼니바지,child
스텔라맥카트니 바지. 8y,child
루이스미샤 원피스. 8y,child
봉긋 페블체인지갑 블루린,child
(중고) Moncler 몽클레어 정품 키즈 3y(3~4세) 다운 패딩 점퍼,child
구찌바람막이 구찌자켓 6세 저렴하게 판매합니다.,child
보보쇼즈 4~5y,child
슬로스슬링 아기띠 택포함26000,child
몽클레어키즈 반바지 5Y,child
랄프로렌 폴로키즈 퀼팅 / 닥스키즈 구스 패딩 점퍼 / 뉴발란스키즈 패딩 5Y,child
제옥스 키즈 운동화 새상품,child
탐베레,child
폴로 남방 새상품 4y,child
뉴발란스 120티셔츠 2장 만원,child
폴로키즈 누빔 자켓 / 폴로키즈 패딩 점퍼 / 버버리키즈 오리털 패딩 점퍼 5Y,child
히로 다이아 데님팬츠 140 (진청),child
타오니트4,child
몽클레어2-3세,child
버버리키즈 반바지 / 버버리키즈 카라 티셔츠 / MSGM키즈 맨투맨 / 디올키즈 집업 4Y,child
몬추라/라운드 티셔츠/키즈(155)/ST2213,child
버버리키즈 퀼팅 / 버버리키즈 야상 점퍼 4Y,child
"8~11세 신장 135~145cm, POLO GAP 리바이스 베네통 유니클로 남아 브랜드 여름 티셔츠 반바지, 여름내의 실내복, 남아 수영복, ﻿크록스 키즈 크록밴드 클로그 J3 220mm, EXR 운동화 220mm (새상품)",child
스톤아일랜드주니어 후드 집업 / 버버리키즈 더블코트 / 버버리키즈 떡볶이코트 / 몽클레어키즈 패딩 4Y,child
버버리키즈 떡볶이 코트 / 버버리키즈 여아 점퍼 / 프라다키즈 오리털패딩 점퍼 4Y,child
몽클레어키즈 경량패딩 / 몽클레어키즈 패딩 점퍼 / 버버리키즈 패딩 조끼 3Y,child
버버리키즈 블라우스 / 버버리키즈 원피스 / 버버리키즈 패딩 점퍼 3Y,child
성체유치원 하복 원복 5-6세,child
버버리칠드런 버버리키즈 여아 패딩,child
스톤아일랜드 키즈 티셔츠 CP컴퍼니 반바지 등 4벌,child
버버리키즈 티셔츠 / 버버리키즈 남방 / 버버리키즈 더블 코트 / 버버리키즈 캐시미어 혼방 코트 3Y,child
버버리키즈 떡볶이 코트 / 폴로키즈 오리털 패딩 점퍼 / 폴로키즈 점퍼 3Y,child
버버리키즈 퀼팅 점퍼 / 버버리키즈 점퍼 / 버버리키즈 떡볶이코트 / 버버리키즈 누빔 점퍼 / 버버리키즈 벨로아 / 폴로키즈 롱 푸퍼 3Y,child
몽클레어 8y 판매합니다,child
봉주르다이어리 흰블라,child
알마니베이비 경량패딩 / 알마니주니어 패딩 / 버버리키즈 패딩 점퍼 / 버버리키즈 떡볶이코트 2Y,child
정품 구찌 코트,child
"정품) 버버리 유,아동의류 구경하세요",child
몽클레어키즈 티셔츠 / 버버리키즈 체크 남방 / 버버리키즈 바람막이 점퍼 2Y,child
보보쇼즈 마미손바지,child
" 정품 버버리 바디수트,모자,턱받이세트",child
타오 원피스,child
로아앤제인 상하세트(90) 베네통원피스 (100),child
봉통 슬립온 25,child
버버리키즈 바람막이 / 몽클레어키즈 경량패딩 / 파타고니아키즈 후리스 / 버버리키즈 롱패딩 2Y,child
미니피에스마켓 롬퍼 3(90-100) 세탁한 새제품,child
버버리키즈 퀼팅 자켓/ 버버리키즈 패딩 점퍼 / 버버리키즈 더블 코트 2Y,child
버버리키즈 누빔 점퍼 / 버버리키즈 오리털 패딩 점퍼 18M,child
스토케V5 풀세트,child
노스페이스 키즈 바람막이 자켓 -130 사이즈,child
골든구스 키즈 스니커즈 31사이즈 팔아요~,child
봉쁘앙 여아 체리 스웨터 14y 팝니다~,child
봉쁘앙 1회 시착 여아 반팔티 14y 팝니다.,child
봉쁘앙 남아 맨투맨 거의 새제품 팝니다~,child
봉통 여아 민소매 원피스 10y팝니다.,child
CP컴퍼니 키즈 고글 자켓 팝니다~,child
버버리 키즈 2in1 다운 패딩 8y 135cm 팝니다~,child
"남아 패딩,조끼,트렌치,명품정품,버버리칠드런,몽끌레어",child
"초등 고학년 여아 여름 POLO GUESS 브랜드 옷 신장 155~165cm , 가슴둘레 85~90cm",child
"초등 고학년 여아 여름 POLO GUESS 브랜드 옷 신장 155~165cm , 가슴둘레 85~90cm",child
"[새상품/정품/차차부티크]﻿ 22SS MONCLER KIDS 몽클레어 키즈 원피스 (네이비-4Y, 6Y, 8Y 사이즈) 8I00010 8496F 774",child
"8~10세 신장 135~145cm, GAP 리바이스 베네통 유니클로 남아 브랜드 여름 티셔츠 반바지, 여름내의 실내복, 남아 수영복, ﻿크록스 키즈 크록밴드 클로그 J3 220mm, EXR 운동화 220mm (새상품)",child
"[새상품/정품/차차부티크] 22SS STONEISLAND KIDS 스톤아일랜드 키즈 반팔 티셔츠 (핑크-10Y) (그린-8Y, 10Y, 12Y) (블랙-8Y, 10Y, 12Y) (네이비-8Y, 10Y, 12Y) 761620147",child
구찌 GUCCI 여아 명품옷 분양드려요,child
[선물포장미개봉]폴로랄프로렌베이비 버킷햇 선물포장(교환증포함),child
"[새상품/정품/차차부티크] 22SS MONCLER KIDS 몽클레어 키즈 반팔 티셔츠 (블랙-4Y사이즈) (네이비-4Y, 6Y, 8Y, 10Y 사이즈) 8C00035 83907",child
스톤아일랜드 주니어 메탈 오버셔츠 10Y 새상품 바람막이 자켓,child
택포9천원(로아앤제이)신상 민들레 미들삭스세트 L(18~20mm),child
"8~11세 신장 135~145cm, POLO GAP 리바이스 베네통 유니클로 남아 브랜드 여름 티셔츠 반바지, 여름내의 실내복, 남아 수영복, ﻿크록스 키즈 크록밴드 클로그 J3 220mm, EXR 운동화 220mm (새상품)",child
크록스 아동 샌들,child
쁘띠바또 바람막이 6Y (116),child
버버리 칠드런 2Y 92cm PK셔츠(네이비),child
버버리바람막이,child
완료)버버리원피스,child
펜디 8A 셔츠,child
버버리원피스,child
마지막 할인] 정품 버버리 키즈 퀼팅 자켓 ( 3T ) 저렴하게 판매합니다,child
진주 14k 피어싱,child
버버리티,child
버버리원피스,child
노스페이스 키즈 기모맨투맨 160사이즈 새제품 만원,child
보보쇼즈 반바지 6-7,child
"자라키즈 원피스,반바지,점프수트,조거팬츠,스커트,여아옷 키즈",child
버버리 키즈 트레이닝 2y 92cm,child
미키하우스 점퍼 판매,child
펜디키즈크롭티,child
버버리 키즈 체크퀼팅 4y 키 104전후,child
라코스테 남성 pk 티셔츠 100,child
몽클레어 키즈자켓 4세 사이즈 정품,child
"[봉쁘앙] 봉쁘앙 가디건 3A(새정품)-100,000(택포)",child
"[나이키] 나이키 에어맥스 타이니 [사이즈 130](새상품)- 15,000(택포)",child
"[골든구스] 골든구스 주니어 슈즈(26사이즈)(새정품)-150,000(택포)",child
(140호) 10y 버버리칠드런 배색 프릴 원피스 / 키즈 아동 여아 주니어 닥스 폴로 빈폴 몽클레어,child
몽클레어 니트집업,child
(140호) 10y. 버버리칠드런 캉캉 프릴 블라우스 티셔츠 / 키즈 아동 여아 주니어 닥스 폴로 빈폴 몽클레어,child
몽클레어 여아 트레이닝 4y 104cm,child
버버리키즈 바지 10y 상태최상 개당 5만원,child
버버리 스윔팬츠 10y,child
버버리키즈 셔츠 10y 상태최상,child
버버리키즈 6y,child
버버리키즈 8y,child
버버리 퀼팅자켓 핑크 6y 116cm 전후,child
빈폴 키즈 플레어 원피스 130,child
봉통 메리제인 26,child
버버리 키즈 블라우스 8y,child
닥스 키즈 체크패턴 블라우스 140,child
버버리 키즈 벨트 원피스 3Y,child
버버리키즈.빌폴키즈 청치마.닥스키즈.닥스키즈원피스.,child
베베드피노,child
-가가갤러리 침대 싱글-,child
빈폴 키즈 바람막이 자켓 155,child
-가가갤러리 옷장-,child
보보쇼즈,child
빈폴 키즈 신상 티셔츠 150,child
"오니츠카타이거 미드 러너 키즈 하이탑 130 택포 15,000",child
버버리키즈 구스패딩다크그레이 14Y 판매 합니다,child
아디다스 둠 샌들블랙 180,child
(유아옷)여름옷 4종 일괄(2-4세용),child
"유아옷, 아이옷,여자아이옷 6벌 (사이즈80~90)",child
(아이옷)베이비갭(GAP)민소매 원피스(3y),child
랄프로렌 반소매 스트라이프원피스24M,child
(아이옷)랄프로렌 긴소매 스트라이프티셔츠 16M,child
(아이옷)베이비갭(GAP)긴소매 꽃원피스 5y,child
(유아옷)압소바 튜튜스커트상하세트100,child
(유아옷)블루독베이비 핑크 별상하세트 100,child
"유아 구명 조끼(2세 이하,15kg이하)",child
"(수모,아쿠아슈즈)리틀래빗 수영모 핑크+리틀래빗 아쿠아슈즈 핑크구름",child
(미아방지 가방)리틀라이프 미아방지 가방+미아방지 스트립,child
(아기띠)에르고 4포지션 360아기띠+에르고 코튼신생아패드+베이비머핀 워머+미니존 아기띠+침받이,child
뉴발란스 120 티셔츠 두장 - 만원,child
구찌베이스볼자켓 유아야구잠바 4세/4y 정품,child
버버리 키즈 원피스,child
"나이키 네이마르 어린이 축구화 팝니다. ( 19,000원, 사이즈 235 )",child
구찌키즈원피스,child
베베드피노상하셋키즈,child
버버리키즈가디건 신상,child
구찌바람막이 구찌자켓 6세 저렴하게 판매합니다.,child
펜디키즈원피스,child
모스키노티셔츠,child
버버리카라티 4Y 와 버버리면티,child
기저귀,child
봉주르다이어리 깅엄블라(에그녹추가판매),child
"미니로디니,보보쇼즈",child
유아새신발 나이키150사이즈 택포2만원 01091372021,child
펜디 키즈 정품 패딩 상태A++++급 판매합니다,child
랄프로렌 키즈 반팔티셔츠 새제품 판매합니다,child
버버리 바지 10y,child
봉쁘앙 정품 스트라이프 여름 가디건 (8)-> 6-7세 추천,child
나이키 신형 아동용 간절기 바람막이 자켓,child
리미떼두두 퍼피수영복 xs 판매 혹은 s교환,child
아디다스 바지 10~12세,child
 (텍0새상품) 닥스키즈 퀼팅 점퍼 150,child
나이키 와플원 토들러 130사이즈,child
보보쇼즈 반팔티,child
보보쇼즈 집업가디건 새상품,child
나이키 신형 아동용 간절기 바람막이 자켓,child
베베드피노 바나나 세트 90,child
발렌시아가 에브리데이 xxs,child
"베베드피노, 베베베베베, 뉴발란스키즈, 폴로키즈",child
노스페이스 키즈 바람막이 자켓 150,child
노스페이스 키즈 바람막이 110,child
헤지스 키즈 점퍼 140~150,child
닥스 키즈 블라우스 150,child
정품 버버리 키즈 원피스 12Y,child
(중고) 몽클레어 키즈 아데올라 4y (4세) 다운 패딩 점퍼,child
닥스 키즈 퀼팅자켓 5Y(110),child
정품 버버리 여아 키즈 코트 10Y,child
폴로 주니어 L사이즈 14~16 사이즈 일괄,child
"스텔라매카트니, 벨레로즈",child
"버버리, 폴로",child
"버버리, 노스페이스, 미키하우스",child
"버버리 원피스, 블라우스, 자켓, 코트, 오일릴리, 젤리멜로",child
기적의 독서논술,child
프라다 삭스 앵클 스니커즈 스피드러너 eu34(성인 210mm가능),child
버버리 키즈 체크 웰리스 레인부츠 장화 eu34(210mm),child
버버리 키즈 스웨이드 앵클부츠 eu34(210mm),child
정품 버버리 케이프(판쵸),child
정품 버버리원피스14y,child
정품 버버리 티셔츠 10y,child
버버리 티셔츠 14y( 여성55 가능),child
돌체앤가바나 플라워 운동화 eu34(210),child
"[12-16T](150-165)폴로,빈폴,타미등 브랜드 여름 아동 의류",child
"[12-16T](150-165)폴로,빈폴,타미등 브랜드 여름 아동 의류",child
"[12-16T](150-165)폴로,빈폴,타미등 브랜드 여름 아동 의류",child
"[10-12T](145-150)폴로,빈폴,타미등 브랜드 여름 아동 의류",child
"[10-12T](145-150)폴로,빈폴,타미등 브랜드 여름 아동 의류",child
"[10-12T](145-150)폴로,빈폴,타미등 브랜드 여름 아동 의류",child
"[7-10T](125-145)폴로,빈폴,타미등 브랜드 여름 아동 의류",child
"[7-10T](125-145)폴로,빈폴,타미등 브랜드 여름 아동 의류",child
"[7-10T](125-145)폴로,빈폴,타미등 브랜드 여름 아동 의류",child
"[5-6T] [115-120)폴로,빈폴,타미등 브랜드 여름 아동 의류",child
"[5-6T] [115-120)폴로,빈폴,타미등 브랜드 여름 아동 의류",child
"[5-6T] [115-120)폴로,빈폴,타미등 브랜드 여름 아동 의류",child
"[3-4T] (100-110)폴로,빈폴,타미등 브랜드 여름 아동 의류",child
"[3-4T] (100-110)폴로,빈폴,타미등 브랜드 여름 아동 의류",child
"[3-4T] (100-110)폴로,빈폴,타미등 브랜드 여름 아동 의류",child
"[베이비-2T](~95) 폴로,빈폴,타미등 브랜드 여름 아동 의류",child
"[베이비-2T](~95) 폴로,빈폴,타미등 브랜드 여름 아동 의류",child
"[베이비-2T](~95) 폴로,빈폴,타미등 브랜드 여름 아동 의류",child
보보쇼즈 치타 세트,child
"2~4세 남아 여름 외출복 내의 사이즈100, 갭 에뜨와 밍크뮤 블루독 압소바 아가방 유니클로키즈,치코 UV차단 썬글라스﻿ (남아 쌍둥이 추천)",child
버버리 칠드런 제품 판매합니다,child
마크제이콥스 2y 반팔티,child
모스키노 2y 반팔티,child
버버리키즈 반팔티 2y,child
봉쥬르메이비 실내복 새상품,child
몽클레어 키즈 패딩 14세 새상품,child
"정품) 버버리 유,아동의류 구경하세요",child
자라키즈 여아 아일렛 원피스 (120~130)새상품,child
보보쇼즈 21f/w 컬러 블럭 패딩,child
뉴크 유리젖병5개,child
호주압타밀 4단계,child
"폼푸린 실리콘 홀더, 메모지",child
몽클레어키즈 8y 레터링 신상 새상품급 바람막이 핑크자켓,child
버버리키즈 8y TB 모노그램 반바지 버버리칠드런 숏츠 신상 바지 여아 팬츠,child
버버리 키즈(버버리 칠드런) 버버리 패딩 구스 코트 팝니다. 10y 140cm,child
버버리 아기 수트(새상품),child
아디다스 키즈,child
MSGM 키즈 하트 프린트 니트 스커트 70퍼 핫딜!!>>>72400원,child
펜디키즈원피스,child
버버리키즈 반바지.스텔라맥카트니 키즈 청바지.버버리키즈 셔츠(8Y/새상품),child
버버리키즈 원피스.치마/ 봉쁘앙 원피스 등,child
모스키노티셔츠,child
"버버리키즈 .아르마니 키즈 바람막이,봉쁘앙 자켓등",child
튜즐 친환경 자작나무 장난감수납장 정리함 판매합니다.,child
타오 레터링 티셔츠 그레이 6y 새상품.,child
루이스미샤 꽃자수 핑크 블라우스 2y.,child
타오,child
"Chicco 치코 UV차단 유아동 선글라스 (보관 케이스 포함) 3세~7세 착용가능, 장난감 인형 보관함",child
봉쁘앙,child
버버리 칠드런 바지 3Y,child
"2~4세 남아 여름 외출복 내의 사이즈100, 갭 에뜨와 밍크뮤 블루독 압소바 아가방 유니클로키즈,치코 UV차단 썬글라스﻿ (남아 쌍둥이 추천)",child
정품 버버리 걸즈 10사이즈,child
베베베베 상하세트,child
닥스 키즈 블라우스 110,child
펜디키즈크롭티,child
버버리키즈티셔츠,child
버버리키즈가디건 신상,child
닥스 140cm 11y 여아 레깅스 팬츠 하우스체크 패턴 키즈 바지,child
베베드피노 체리니삭스 푸 니삭스 110,child
"뉴발란스 여름샌들 나이키 운동아 130,140 남여공용 팜",child
"영솔 155 페니티바 탄 찍찍이 단화 130,140 추천 남여 공용",child
완료,child
젤리멜로 청바지 100,child
보보쇼즈 신발 (로고올오버 운동화),child
태일스쿱원피스3y,child
골든구스키즈 26,child
버버리 키즈 pk 티셔츠 8y,child
미니멜리사 지그재그 +뉴발란스키즈 운동화150,child
버버리키즈 버버리칠드런 장화,child
스텔라맥카트니키즈 레인코트6t,child
"[12-16T](150-165)폴로,빈폴,타미등 브랜드 여름 아동 의류",child
"[12-16T](150-165)폴로,빈폴,타미등 브랜드 여름 아동 의류",child
"[12-16T](150-165)폴로,빈폴,타미등 브랜드 여름 아동 의류",child
"[10-12T](145-150)폴로,빈폴,타미등 브랜드 여름 아동 의류",child
봉쁘앙 가디건 3y,child
"[10-12T](145-150)폴로,빈폴,타미등 브랜드 여름 아동 의류",child
"[10-12T](145-150)폴로,빈폴,타미등 브랜드 여름 아동 의류",child
"[7-10T](125-145)폴로,빈폴,타미등 브랜드 여름 아동 의류",child
"[7-10T](125-145)폴로,빈폴,타미등 브랜드 여름 아동 의류",child
"[7-10T](125-145)폴로,빈폴,타미등 브랜드 여름 아동 의류",child
"[5-6T] [115-120)폴로,빈폴,타미등 브랜드 여름 아동 의류",child
"[5-6T] [115-120)폴로,빈폴,타미등 브랜드 여름 아동 의류",child
"[3-4T] (100-110)폴로,빈폴,타미등 브랜드 여름 아동 의류",child
"[3-4T] (100-110)폴로,빈폴,타미등 브랜드 여름 아동 의류",child
"[베이비-2T](~95) 폴로,빈폴,타미등 브랜드 여름 아동 의류",child
"[베이비-2T](~95) 폴로,빈폴,타미등 브랜드 여름 아동 의류",child
넬리스텔라 가디건 10y 4만원 거의 새 상품,child
데상트 키즈 플리스 아우디 후드집업 160,child
봉쁘앙 캐시미어 가디건 4y,child
나이키 190 운동화 2개,child
새상품) 젬마월드 썸머레깅 슬림크롭s + 썸머레깅 스트레이트 크롭s,child
봉쁘앙 튜튜 4y,child
베리베리스윗 핫섬머세트 핑크 L(~130),child
봉쁘앙 원피스 4y,child
봉쁘앙 원피스 4y,child
봉쁘앙 원피스4y,child
봉쁘앙 점프수트 3y,child
봉쁘앙 리버티 원피스4y,child
닥스키즈 화이트 반팔팝니다(140 Size) / 3만원(택포),child
봉쁘앙 리버티 원피스,child
봉쁘앙 꾸틔르라인 블라우스 치마 세트 4y,child
봉쁘앙 듀체스4y,child
봉통 (BONTON) 메리제인 183mm 사이즈 / E29 사이즈,child
버버리6y,child
버버리6y,child
버버리6y,child
버버리6y,child
버버리4y원피스,child
버버리점프슈트12엠,child
루이스미샤6,child
버버리청반바지4y,child
버버리치마3y,child
우프4y,child
루이스미샤8,child
보보쇼즈 반바지 6-7,child
수어 청 숏찰리 5,child
120호 (6y) 버버리 칠드런 여아 티셔츠 / 아동 유아 폴로 빈폴 타미 닥스 몽클레어 키즈,child
타오 모자 M사이즈 새상품,child
버버리 남아 스니커즈 27+ 수영복바지,child
버버리 여아 샌들 27(2021구매),child
(110호) 버버리 키즈 여아 티셔츠 / 아동 유아 폴로 빈폴 타미 닥스 몽클레어 칠드런,child
100호 (3y) 버버리키즈 랩스타일 가죽버클 스커트 / 여아 폴로 랄프로렌 닥스 봉쁘앙 리미떼두두,child
(18m) 버버리칠드런 베이비 투톤 원피스 / 키즈 유아 여아 폴로 닥스 봉쁘앙 리미떼두두 몽클레어,child
버버리 카라티셔츠 12m,child
버버리 베이비남방 6m,child
아디다스 슈퍼스타 레드 210,child
(12m) 버버리칠드런 베이비 원피스 / 아동 키즈 유아 여아 폴로 랄프로렌 닥스 봉쁘앙 리미떼두두,child
-새제품- (9m) 버버리키즈 랩스타일 가죽버클 스커트 / 아기옷 베이비 여아 폴로 랄프로렌 닥스 봉쁘앙 리미떼두두,child
타오 로고 원피스 4y,child
(새상품) 던스 duns 썬햇 모자,child
닥스키즈 셔츠 티셔츠 팔아요,child
(아기띠)에르고 4포지션 360아기띠+에르고 코튼신생아패드+베이비머핀 워머+미니존 아기띠+침받이,child
폴로 2T / 갭 4T,child
(미아방지 가방)리틀라이프 미아방지 가방+미아방지 스트립,child
"(수모,아쿠아슈즈)리틀래빗 수영모 핑크+리틀래빗 아쿠아슈즈 핑크구름",child
"유아 구명 조끼(2세 이하,15kg이하)",child
폴로키즈4T,child
(유아옷)블루독베이비 핑크 별상하세트 100,child
(유아옷)압소바 튜튜스커트상하세트100,child
(아이옷)베이비갭(GAP)긴소매 꽃원피스 5y,child
(아이옷)랄프로렌 긴소매 스트라이프티셔츠 16M,child
랄프로렌 반소매 스트라이프원피스24M,child
구찌 GUCCI 여아 명품옷 분양드려요,child
(아이옷)베이비갭(GAP)민소매 원피스(3y),child
Chicco 치코 UV차단 유아동 선글라스 (보관 케이스 포함) 2~3세부터 7세까지 착용가능,child
(유아옷)뉴발란스 민소매 상하세트(110),child
버버리 14세 최상 9만7천,child
영아테마동화,child
가가갤러리 옷장,child
보러브스 롬퍼,child
마지막 할인] 정품 버버리 키즈 퀼팅 자켓 ( 3T ) 저렴하게 판매합니다,child
"젤리멜로 원피스 100, 120",child
아이 개량 한복 3~4세용,child
베베테일러 수영복 M(110),child
원목 집짓기 블럭 헤리티지 지브로 300,child
"유아옷, 아이옷,여자아이옷 6벌 (사이즈80~90)",child
버버리바지 셔츠(남아)12y,child
뉴질랜드 프리미엄 분유 퓨어락 팔아요 ^^,child
-가가갤러리 침대 싱글-,child
새 옷) 일구포 / 8a / 130 / 결혼식 하객 복장,child
아폴리나,child
(유아옷)여름옷 4종 일괄(2-4세용),child
타오12y 원피스,child
타오 10y 롱스커트,child
타오 10y 스커트,child
구찌키즈스커트,child
아동양말 1호 아디다스/나이키 6족 일괄판매,child
블루독 반바지 145,child
알로봇 반바지 155,child
뉴발란스 키즈 327 핑크블라썸 멀티컬러,child
-가가갤러리 옷장-,child
여아티셔츠 120사이즈,child
"정품) 버버리 유,아동 의류",child
미니로디니 래쉬가드,child
버버리키즈 수영모자 새상품,child
리틀 마크제이콥스 남아 티셔츠,child
끌로에 키즈 원피스 (10Y),child
베베드피노상하셋키즈,child
"[봉쁘앙] 봉쁘앙 티셔츠(중고/3사이즈)-20,000원(택포)",child
몽클레어키즈 6y 레터링 신상 새상품급 바람막이 핑크 핑 바막,child
스톤아일랜드 6y 스톤키즈 신상 민트색 반팔 티셔츠 주니어,child
"수어플룸 프림 3y, 4y",child
(급처)교원 도요새 잉글리시 프리패스+패드+교재+펜,child
몽클레어키즈 남아 패딩 10y,child
구찌키즈원피스,child
새상품)미키 마우스 silver 925 캐릭터 팔찌 정품,child
버버리키즈 자라키즈 5-6y,child
데님인더박스 몬드리패딩,child
몽클레어키즈,child
"수어플룸 넥카라, 베네베네 니트",child
스톤아일랜드 정품 140호,child
진주 14k 피어싱,child
버버리 가디건6Y,child
버버리 원피스(6Y),child
나이키 신형 아동용 간절기 바람막이 자켓,child
베리베리스윗 버튼숏팬츠 L,child
1/3값 폭탄깜짝세일 선물가능 새제품 끌레드뽀보떼 시나끄티프 데이타임 모이스춰라이저 인리치드 미개봉 새제품 판매합니다! 끌레드 뽀 보떼 시나끄티프 로션,child
"택째새옷,정품)버버리 남아 티셔츠",child
버버리칠드런 견장 가디건,child
버버리칠드런 원피스,child
"던스 순무 반팔티, 배기팬츠 바지 세트",child
부가부 동키3 듀오 판매합니다. (20년12월출고),child
알마니 키즈 8A,child
샤넬 수블리마지 레 그렝 드 바닐르 샤넬 수블리마지 스크럽 판매합니다!,child
닥스키즈 네이비가디건 150Y 판매 합니다.,child
정품 버버리 티셔츠10y,child
나이키 신형 아동용 간절기 바람막이 자켓,child
캘빈클라인 원피스 ( 6세),child
크록스 장화 J2 210사이즈 새상품,child
헤지스 키즈 pk 티셔츠 155,child
헤지스 키즈 pk 티셔츠 155,child
버버리키즈 바람막이 3y,child
베이비뵨 바운서,child
봉쁘앙 우비 레인코트 6y,child
"[12-16T](150-165)폴로,빈폴,타미등 브랜드 여름 아동 의류",child
"[12-16T](150-165)폴로,빈폴,타미등 브랜드 여름 아동 의류",child
"[12-16T](150-165)폴로,빈폴,타미등 브랜드 여름 아동 의류",child
"[10-12T](145-150)폴로,빈폴,타미등 브랜드 여름 아동 의류",child
"[10-12T](145-150)폴로,빈폴,타미등 브랜드 여름 아동 의류",child
"[10-12T](145-150)폴로,빈폴,타미등 브랜드 여름 아동 의류",child
마지막 할인] 정품 버버리 키즈 퀼팅 자켓 ( 3T ) 저렴하게 판매합니다,child
"[7-10T](125-145)폴로,빈폴,타미등 브랜드 여름 아동 의류",child
"[7-10T](125-145)폴로,빈폴,타미등 브랜드 여름 아동 의류",child
"[7-10T](125-145)폴로,빈폴,타미등 브랜드 여름 아동 의류",child
"[5-6T] [115-120)폴로,빈폴,타미등 브랜드 여름 아동 의류",child
"[5-6T] [115-120)폴로,빈폴,타미등 브랜드 여름 아동 의류",child
"[3-4T] (100-110)폴로,빈폴,타미등 브랜드 여름 아동 의류",child
"[3-4T] (100-110)폴로,빈폴,타미등 브랜드 여름 아동 의류",child
"[베이비-2T](~95) 폴로,빈폴,타미등 브랜드 여름 아동 의류",child
"[베이비-2T](~95) 폴로,빈폴,타미등 브랜드 여름 아동 의류",child
버버리키즈 8y 울 캐시미어 디테일 아이콘 스트라이프 가디건 버버리칠드런 카디건 자켓,child
구찌 GUCCI 여아 명품옷 분양드려요,child
자동상승 연필깍기 m18 자동연필깍기,child
헤지스 키즈 헨리넥 티셔츠 155,child
닥스키즈 140,child
에르메스 오켈리 목걸이,child
닥스키즈,child
반짝세일 랑콤 압솔뤼 바이앰플 판매합니다! 랑콤 앰플,child
정품 버버리 여아 원피스,child
베베베베원피스,child
타오 점퍼 타오 개야상 6y,child
베베드피노상하셋키즈,child
(배달)포켓몬빵팝니다,child
보보쇼즈 치마 새거 4-5세각각 착불2만원,child
버버리키즈 반팔티 2y,child
모스키노 2y 반팔티,child
마크제이콥스 2y 반팔티,child
발렌시아가 스피드러너 33-34,child
타이니코튼 3y 4y 새상품급,child
여아 90사이즈 일괄 2벌,child
D&G 주니어 아동 청바지 정품 D&G 주니어,child
타미힐피거 아동 다운점퍼,child
무스너클입니다,child
폴로 랄프로렌 크루넥 반팔티셔츠 새제품 판매,child
프랑스명품카사렐cacharel 셔츠..5-6세,child
프랑스명품카사렐cacharel 반바지..5-6세,child
프랑스명품카사렐cacharel 반바지..5-6세,child
버버리 여아 10y 면스커트,child
보보쇼즈 도기 수영복 8-9Y,child
(새상품) 던스 DUNS 반팔 티셔츠,child
(새상품) 막소모라 던스 스마포크 반팔 반바지 상하복,child
버버리키즈퀼팅 6y 베이지색 퀄팅패딩 버버리칠드런 4~7세 추천,child
겐조키즈 6y 롤업 청바지 흑청 팬츠 6a 4살부터 7살까지 인밴드 있음.,child
버버리키즈 6y 퀼팅자켓 블랙 누빔재킷 남여공용 버버리 칠드런 퀄팅,child
헤지스키즈 남아 카라티셔츠165 새상품 인하ᆢ 닥스빈폴 티파니 데쌍뜨 노스페이스 내셔날지오그래픽 휠라 시스템 마인 타임 르베이지 보테가베네타 오브제 오즈세컨,child
버버리 키즈 패딩 2y,child
"햇솜 상하세트(100,120)",child
남아 145 부터 150사이즈브랜드의류 새옷외닥스 헤지스 빈폴 엠엘비 아디다스 나이키 시스템 듀엘 오브제 막스마라 오즈세컨 아이잗바바 버버리,child
남아 145 부터150사이즈브랜드의류 새옷외닥스 헤지스 빈폴 엠엘비 아디다스 나이키 시스템 듀엘 오브제 막스마라 오즈세컨 아이잗바바 버버리,child
(가격내림) 파타고니아 키즈 레트로 x 라지,child
젤리멜로 별똥별 베이비슈트 100 + 우이동금손 호피 슈트,child
"젤리멜로 여름원피스 2벌 120,140(100~105,115~125추천)",child
나이키 와플원 토들러 130사이즈,child
뉴발란스 키즈 878 운동화 150 사이즈,child
겐조10A반바지(스윔숏)새상품,child
버버리키즈 반바지(스윔숏) 8y,child
발렌시아가 에브리데이 xxs블랙,child
버버리키즈 pk 8y,child
버버리키즈 pk 6y,child
완료,child
14y 스톤아일랜드주니어 스톤키즈 긴팔티셔츠 여자55,child
버버리 키즈 후드 야상자켓 2y,child
랄프로렌 가디건 18M,child
빈폴 키즈 바람막이 자켓 165,child
버버리 키즈 체크패턴 반팔 셔츠 2Y,child
정품) 닥스키즈여아 프릴가디건 110(5y) 택포35000원,child
탐베레 럭키 박스 6T 판매 합니다.,child
보보쇼즈 반바지 6-7,child
폴로 랄프로렌 정품 걸즈티 2만원,child
봉쁘앙,child
"버버리,지방시,msgm,분주니어,스텔라맥카트니 등",child
폴스미스 키즈 셔츠 남방 4A 판매합니다.,child
완료,child
타오 여러가지,child
닥스키즈 원피스,child
뉴질랜드 프리미엄 분유 퓨어락 팔아요 ^^,child
리미떼두두 새상품 판매,child
버버리 베이비 원피스 일괄,child
완료,child
모스키노티셔츠,child
cp컴퍼니카고바디,child
구찌키즈스커트,child
펜디키즈크롭티,child
지방시반바지,child
완료,child
완료,child
버버리키즈 구스패딩 다크그레이 14Y 판매 합니다,child
여아 버버리코트,child
아르마니 주니어 반바지 정품,child
구찌키즈원피스,child
더 보니몹 면잠바 12ㅡ18m,child
퓨어락 1단계 판매해요,child
반스 토들러 새상품,child
미니로디니 파인애플 노랑 썬햇 48ㅡ50 사이즈,child
리미떼두두 멜빵치마 100 사이즈,child
압소바 새상품 포장 풀셋 90 사이즈,child
젤리멜로진 100size 택포,child
완료,child
버버리 퀄팅 6y,child
버버리 가벼운 코트와 티셔츠 6y,child
"[아디다스] 아디다스 운동화[사이즈JP120](새상품)-10,000(택포)",child
"[아디다스] 아디다스 운동화[사이즈JP150]- 10,000(택포)",child
"2~4세 남아 여름 외출복 내의 사이즈100, 갭 에뜨와 밍크뮤 블루독 압소바 아가방 유니클로키즈,치코 UV차단 썬글라스﻿ (남아 쌍둥이 추천)",child
"8~11세 신장 135~145cm, POLO GAP 리바이스 베네통 유니클로 남아 브랜드 여름 티셔츠 반바지, 여름내의 실내복, 남아 수영복, ﻿크록스 키즈 크록밴드 클로그 J3 220mm, EXR 운동화 220mm (새상품)",child
"[랄프로렌] 랄프로렌 바지 24M- 12,000(택포)",child
"[봉쁘앙] 봉쁘앙 베베 코트 20FW 3Y (새정품)-180,000(택포)",child
새상품) 애착인형 코니베이비 비닐채 새상품이에요,child
"[아디다스] 아디다스 여름 아기 슈즈[사이즈 JP120]- 10,000(택포)",child
"[나이키] 나이키 운동화[사이즈140cm]- 18,000(택포",child
빈폴 키즈 린넨 원피스 120,child
스톤아일랜드키즈바지,child
버버리키즈티셔츠,child
펜디키즈원피스,child
버버리 키즈 유니온 삭스 스니커즈 29,child
휴고러브스티키 블루 악어 오버롤 롬퍼 12-18개월,child
아바카폰즈 키즈 글리터 샌들 26사이즈.,child
뉴발란스키즈 여아트레이닝세트 150사이즈 여아옷150사이즈,child
보보쇼즈 타셔츠,child
마크 제이콥스 여아 원피스,child
나이키 신형 아동용 간절기 바람막이 자켓,child
폴로랄프로렌 퀼팅자켓 12~14/성인44,child
탐베레 럭키박스 8y,child
샤넬 수블리마지 레 그렝 드 바닐르 샤넬 수블리마지 스크럽 판매합니다!,child
리미떼두두 원피스 ㅡ 상태굿,child
리미떼두두 상하세트. 러플 블라우스,child
미니멜리사 지그재그 골드,child
1/3값 폭탄깜짝세일 선물가능 새제품 끌레드뽀보떼 시나끄티프 데이타임 모이스춰라이저 인리치드 미개봉 새제품 판매합니다! 끌레드 뽀 보떼 시나끄티프 로션,child
새상품 프랑스 bonpoint 봉쁘앙 셔츠 14세,child
아이가방,child
"클라우딘, 베네베네, 몬순",child
랄프로렌 8세 여름 셔츠,child
정품)버버리키즈 노바체크 셔츠(남방) 18m 택포29000원,child
"봉쁘앙, 위트, 크루컷",child
미니멜리사 아이스크림콘,child
[새제품]몽클레어 키즈 야구모자 캡모자 L 사이즈(성인 여성 가능),child
STONE ISLANDS 스톤아일랜드 JUNIOR KIDS조거팬츠 12세,child
수어플룸 프림,child
뉴발란스 878 키즈 190사이즈 200사이즈,child
모노앤크롬 린넨배기바지,child
돌아기 가을옷(수슈앤크라 야상) + 폴로반팔티,child
나이키 신형 아동용 간절기 바람막이 자켓,child
나이키다이나모 220,child
조던3 위저드 130,child
위드제이 썸머스윗티+스마일랩스커트110,child
"msgm,지방시,버버리,분주니어,스텔라맥카트니,미미솔,뉴발란스 등",child
갭 유아용 선글라스 새상품,child
노스페이스 키즈 달톤 아노락 140,child
실바니안 불들어 오는 이층집,child
폴로 키즈 여아 청원피스 사이즈8,child
타오 타올 랩원피스,child
뉴발란스.샌들,child
폴로캡모자,child
노스페이스 키즈 덕다운 롱패딩 4-5,child
아르마니주니어 검정 스트라이프 면바지 정품 아르마니주니어,child
보보쇼즈 아이코닉 새상품,child
여아 90사이즈 일괄 2벌,child
수어플룸 미미 블루엣 새상품,child
버버리키즈 아이콘 원피스 6y 새상품,child
버버리 14세,child
메르시유 체리원피스 새상품 120,child
리미떼두두 로즈빅백,child
에어피쉬 라본드레스 L,child
(중고) 몽클레어 키즈 여아 3y 다운 패딩 점퍼,child
정품 조던 아동가방,child
싸이벡스 큐투픽스 플러스 멘하탄그레이 (여의도),child
(판매완료)버버리키즈 반팔,child
폴로 랄프로렌 크루넥 반팔티셔츠 새제품 판매합니다,child
버버리키즈 바람막이 3y,child
